{"avg_TR_score": 77.05137501541496, "std_TR_score": 1.8394676947211752, "avg_TS_score": 73.70629502226488, "std_TS_score": 3.1158273449977156}