{"avg_TR_score": 80.40006165988409, "std_TR_score": 2.696463723507517, "avg_TS_score": 73.55855807120685, "std_TS_score": 2.8449809157229557}