{"avg_TR_score": 80.82489826119127, "std_TR_score": 4.591690956933431, "avg_TS_score": 73.76501477232107, "std_TS_score": 3.2110480129273817}