{"avg_TR_score": 80.78090598923008, "std_TR_score": 4.566302467905074, "avg_TS_score": 73.04348973389196, "std_TS_score": 3.4595410778547695}