{"avg_TR_score": 68.10231430098244, "std_TR_score": 2.5739709589459134, "avg_TS_score": 71.88009407030366, "std_TS_score": 3.097625904980485}