{"avg_TR_score": 77.78746660089612, "std_TR_score": 3.8356231302281065, "avg_TS_score": 73.64918487447365, "std_TS_score": 3.0303500643583896}