{"avg_TR_score": 69.44593661363918, "std_TR_score": 2.0897099403188295, "avg_TS_score": 73.1678998373548, "std_TS_score": 3.238224811373841}