{"avg_TR_score": 69.01278414929914, "std_TR_score": 1.369200564624261, "avg_TS_score": 72.65926612140485, "std_TS_score": 3.48049933739441}