{"avg_TR_score": 78.97552924733836, "std_TR_score": 2.6068446588423395, "avg_TS_score": 73.47034505126508, "std_TS_score": 5.036637830692947}