{"avg_TR_score": 80.60466559789535, "std_TR_score": 4.765990438585711, "avg_TS_score": 74.33370847567014, "std_TS_score": 3.4473611844346093}