{"avg_TR_score": 79.94074485139967, "std_TR_score": 2.6442059049650912, "avg_TS_score": 73.14189157719163, "std_TS_score": 3.7598313240507957}