{"avg_TR_score": 68.31365560899413, "std_TR_score": 2.408399783363931, "avg_TS_score": 72.41419974187575, "std_TS_score": 2.434170938018212}