{"avg_TR_score": 78.76798618818597, "std_TR_score": 4.768014319169202, "avg_TS_score": 73.5247745998322, "std_TS_score": 2.964426760125236}