{"avg_TR_score": 80.17046080486702, "std_TR_score": 5.562566237299462, "avg_TS_score": 74.0352849766401, "std_TS_score": 3.7264891746328273}