{"avg_TR_score": 67.29970814321537, "std_TR_score": 1.7135143258320062, "avg_TS_score": 70.74029374631982, "std_TS_score": 2.3166063523165734}