{"avg_TR_score": 77.73914169441362, "std_TR_score": 3.1377104430300466, "avg_TS_score": 73.94707193886042, "std_TS_score": 2.9533189084187286}