{"avg_TR_score": 66.94035022814157, "std_TR_score": 2.8863944053761768, "avg_TS_score": 71.4561876949145, "std_TS_score": 2.7904963579332143}