{"avg_TR_score": 69.06825749167592, "std_TR_score": 2.0062390474831275, "avg_TS_score": 71.7275309346255, "std_TS_score": 3.0076196547735794}