{"avg_TR_score": 69.26058700209646, "std_TR_score": 1.6556960115381696, "avg_TS_score": 72.78287181567859, "std_TS_score": 4.466781020419457}