{"avg_TR_score": 68.83201792247297, "std_TR_score": 2.4110399877032687, "avg_TS_score": 72.44610646254819, "std_TS_score": 3.1588916855708424}